ARO,Len
ARO:3002999,891
ARO:3001109,861
ARO:3002867,495
ARO:3001989,876
ARO:3002356,813
ARO:3001855,1146
ARO:3002244,897
ARO:3000600,846
ARO:3000988,861
ARO:3002511,882
ARO:3000938,861
ARO:3000928,831
ARO:3002320,882
ARO:3001711,825
ARO:3002193,741
ARO:3002012,1149
ARO:3001517,822
ARO:3001832,1146
ARO:3001557,825
ARO:3003552,642
ARO:3001980,876
ARO:3002372,900
ARO:3002835,486
ARO:3001794,795
ARO:3001800,828
ARO:3003163,876
ARO:3002146,1140
ARO:3003109,1476
ARO:3002415,876
ARO:3002804,426
ARO:3002649,807
ARO:3002528,465
ARO:3002771,681
ARO:3003198,759
ARO:3002413,876
ARO:3000504,465
ARO:3003550,1467
ARO:3002125,1146
ARO:3001808,816
ARO:3001650,825
ARO:3002380,885
ARO:3002538,840
ARO:3002397,873
ARO:3002188,1152
ARO:3000904,861
ARO:3001617,825
ARO:3000879,785
ARO:3001082,861
ARO:3002762,645
ARO:3001502,801
ARO:3002795,657
ARO:3001518,822
ARO:3002053,1146
ARO:3002546,555
ARO:3002083,1146
ARO:3002350,864
ARO:3001099,861
ARO:3001577,825
ARO:3000996,861
ARO:3002620,780
ARO:3002360,813
ARO:3002778,645
ARO:3001100,861
ARO:3001429,801
ARO:3001076,861
ARO:3003026,1530
ARO:3001133,861
ARO:3000916,861
ARO:3000887,861
ARO:3002307,801
ARO:3001849,1146
ARO:3002157,1149
ARO:3002366,927
ARO:3000845,753
ARO:3002233,741
ARO:3000965,861
ARO:3000979,861
ARO:3002066,1146
ARO:3002955,912
ARO:3000508,825
ARO:3001904,876
ARO:3001154,861
ARO:3002092,1146
ARO:3002067,1146
ARO:3003149,825
ARO:3002966,573
ARO:3002059,1146
ARO:3002753,645
ARO:3000972,861
ARO:3003203,915
ARO:3001071,837
ARO:3001773,774
ARO:3002243,867
ARO:3002681,630
ARO:3000912,861
ARO:3002507,1194
ARO:3000326,1146
ARO:3002565,441
ARO:3003209,420
ARO:3002375,900
ARO:3003012,498
ARO:3000954,861
ARO:3002733,681
ARO:3002488,906
ARO:3002282,801
ARO:3002604,789
ARO:3000796,3114
ARO:3002304,801
ARO:3001119,861
ARO:3002263,720
ARO:3001364,861
ARO:3001045,861
ARO:3002815,1032
ARO:3002828,1653
ARO:3000198,402
ARO:3001972,876
ARO:3001912,876
ARO:3001057,861
ARO:3002853,453
ARO:3002883,1236
ARO:3002383,885
ARO:3002020,1149
ARO:3002634,906
ARO:3002690,1179
ARO:3002724,681
ARO:3002595,543
ARO:3002921,663
ARO:3003103,765
ARO:3002203,741
ARO:3001692,831
ARO:3001646,825
ARO:3001422,822
ARO:3001144,861
ARO:3002612,792
ARO:3002676,633
ARO:3002432,846
ARO:3000830,1374
ARO:3000777,3180
ARO:3000815,444
ARO:3001055,861
ARO:3002574,552
ARO:3003017,498
ARO:3001300,888
ARO:3002830,1569
ARO:3001677,831
ARO:3001112,861
ARO:3002318,882
ARO:3001562,825
ARO:3002912,1032
ARO:3002299,801
ARO:3000572,1287
ARO:3003196,1377
ARO:3000173,1218
ARO:3003060,813
ARO:3002050,1146
ARO:3002287,801
ARO:3002224,741
ARO:3002210,741
ARO:3000944,861
ARO:3002849,453
ARO:3003002,966
ARO:3001886,876
ARO:3002036,1146
ARO:3003659,741
ARO:3002942,969
ARO:3002711,657
ARO:3002150,1140
ARO:3002343,864
ARO:3000839,1356
ARO:3000549,1086
ARO:3002514,1173
ARO:3001778,798
ARO:3001407,795
ARO:3001535,822
ARO:3001141,861
ARO:3001881,876
ARO:3001480,822
ARO:3001814,798
ARO:3001900,876
ARO:3000983,861
ARO:3001116,861
ARO:3001919,876
ARO:3001918,876
ARO:3001002,861
ARO:3002493,1137
ARO:3002477,460
ARO:3002516,1173
ARO:3001150,861
ARO:3002403,873
ARO:3003179,801
ARO:3002655,1026
ARO:3000423,801
ARO:3002341,864
ARO:3002117,1146
ARO:3002600,1005
ARO:3001093,861
ARO:3001383,861
ARO:3001416,828
ARO:3001168,861
ARO:3003250,612
ARO:3002459,861
ARO:3002949,609
ARO:3002665,660
ARO:3002429,861
ARO:3000959,861
ARO:3002112,1146
ARO:3000840,747
ARO:3002332,864
ARO:3002168,1146
ARO:3001948,876
ARO:3001644,825
ARO:3002436,861
ARO:3000826,723
ARO:3002973,990
ARO:3003160,822
ARO:3001472,825
ARO:3003094,765
ARO:3002468,861
ARO:3002797,657
ARO:3001784,798
ARO:3001840,1146
ARO:3001181,861
ARO:3001623,825
ARO:3002925,696
ARO:3001850,1146
ARO:3001191,858
ARO:3001404,825
ARO:3001347,861
ARO:3002695,1260
ARO:3001985,876
ARO:3001024,861
ARO:3002442,861
ARO:3004605,849
ARO:3002654,753
ARO:3002662,996
ARO:3003069,765
ARO:3001455,825
ARO:3002032,1146
ARO:3003172,1146
ARO:3001486,825
ARO:3000592,876
ARO:3002078,1146
ARO:3002278,801
ARO:3002856,558
ARO:3003206,804
ARO:3001175,861
ARO:3002727,681
ARO:3001770,810
ARO:3003097,996
ARO:3002019,1149
ARO:3002467,861
ARO:3002015,1143
ARO:3002751,645
ARO:3002376,900
ARO:3001658,825
ARO:3002435,861
ARO:3000958,861
ARO:3003095,768
ARO:3001967,864
ARO:3001874,846
ARO:3002071,1146
ARO:3001984,876
ARO:3002098,1146
ARO:3003055,1185
ARO:3000883,861
ARO:3001201,858
ARO:3000934,861
ARO:3002073,1146
ARO:3001780,765
ARO:3002843,615
ARO:3002641,816
ARO:3000888,861
ARO:3001350,861
ARO:3003005,966
ARO:3001804,798
ARO:3002293,801
ARO:3002111,1131
ARO:3002959,840
ARO:3003553,1149
ARO:3002583,402
ARO:3002108,1146
ARO:3001384,861
ARO:3000593,774
ARO:3002267,732
ARO:3001302,843
ARO:3001090,861
ARO:3001960,876
ARO:3002129,1146
ARO:3002046,1146
ARO:3001132,861
ARO:3002257,732
ARO:3001467,822
ARO:3001654,828
ARO:3001041,861
ARO:3002133,1140
ARO:3001898,876
ARO:3001015,861
ARO:3001545,822
ARO:3001553,822
ARO:3001897,876
ARO:3000606,849
ARO:3002609,900
ARO:3002767,645
ARO:3002470,861
ARO:3000805,1419
ARO:3002701,1176
ARO:3001493,822
ARO:3002346,864
ARO:3003167,876
ARO:3002217,741
ARO:3001032,861
ARO:3003565,915
ARO:3003186,939
ARO:3003034,1170
ARO:3003811,1398
ARO:3002390,876
ARO:3002062,1146
ARO:3002192,741
ARO:3003067,1404
ARO:3001425,831
ARO:3003155,873
ARO:3002987,921
ARO:3002738,681
ARO:3002409,867
ARO:3002910,1050
ARO:3003064,318
ARO:3001065,780
ARO:3002502,1194
ARO:3002715,645
ARO:3002739,681
ARO:3000873,861
ARO:3001305,837
ARO:3002308,801
ARO:3002757,645
ARO:3000975,861
ARO:3002569,438
ARO:3001681,831
ARO:3002008,915
ARO:3001021,861
ARO:3002096,1146
ARO:3000984,861
ARO:3001887,876
ARO:3002252,897
ARO:3001074,861
ARO:3001067,861
ARO:3003046,1545
ARO:3002169,1146
ARO:3001079,780
ARO:3001216,1209
ARO:3002837,495
ARO:3000026,1356
ARO:3001391,861
ARO:3001453,825
ARO:3002005,876
ARO:3002790,657
ARO:3002774,645
ARO:3002637,906
ARO:3001797,801
ARO:3002458,789
ARO:3000792,1248
ARO:3002783,645
ARO:3000194,1920
ARO:3002937,1107
ARO:3002272,801
ARO:3000844,747
ARO:3002794,657
ARO:3001651,825
ARO:3000413,792
ARO:3001544,822
ARO:3000937,861
ARO:3002181,1146
ARO:3002497,1194
ARO:3001843,1146
ARO:3002863,510
ARO:3001489,825
ARO:3001667,825
ARO:3001818,1161
ARO:3001539,822
ARO:3001566,825
ARO:3002927,696
ARO:3002537,819
ARO:3002725,648
ARO:3001442,861
ARO:3002480,825
ARO:3001563,825
ARO:3000903,861
ARO:3001788,798
ARO:3002720,681
ARO:3001513,822
ARO:3003556,750
ARO:3001864,876
ARO:3000874,861
ARO:3002162,1149
ARO:3002147,1140
ARO:3001094,861
ARO:3001373,861
ARO:3002627,855
ARO:3002520,1173
ARO:3002402,873
ARO:3000789,1227
ARO:3001704,825
ARO:3001845,1146
ARO:3002464,861
ARO:3002426,861
ARO:3002410,873
ARO:3001123,861
ARO:3002276,801
ARO:3001137,861
ARO:3001812,798
ARO:3000809,1464
ARO:3002443,861
ARO:3002591,519
ARO:3000893,858
ARO:3002680,633
ARO:3001122,861
ARO:3002868,498
ARO:3001177,861
ARO:3001612,825
ARO:3002483,981
ARO:3002801,657
ARO:3000812,1404
ARO:3002314,882
ARO:3000368,1032
ARO:3000553,744
ARO:3001628,825
ARO:3001954,876
ARO:3002040,1143
ARO:3001408,801
ARO:3001892,876
ARO:3003182,813
ARO:3002941,1038
ARO:3001937,876
ARO:3002242,915
ARO:3000392,540
ARO:3001106,861
ARO:3001399,831
ARO:3001018,861
ARO:3000990,861
ARO:3002866,489
ARO:3001637,825
ARO:3002983,3132
ARO:3002686,624
ARO:3002533,861
ARO:3002220,741
ARO:3002338,864
ARO:3002300,801
ARO:3002454,840
ARO:3002336,864
ARO:3002764,681
ARO:3001051,861
ARO:3000377,1152
ARO:3000377,1152
ARO:3000166,1206
ARO:3000182,1176
ARO:3001299,843
ARO:3003562,885
ARO:3003071,900
ARO:3002698,1230
ARO:3000535,1935
ARO:3001195,861
ARO:3001048,861
ARO:3002364,927
ARO:3000951,861
ARO:3002324,876
ARO:3002039,1146
ARO:3002326,882
ARO:3001633,825
ARO:3002732,681
ARO:3002932,1344
ARO:3001662,843
ARO:3002542,861
ARO:3002617,792
ARO:3001930,876
ARO:3000921,861
ARO:3002196,741
ARO:3003049,1692
ARO:3000180,1263
ARO:3002155,1149
ARO:3001872,876
ARO:3003105,489
ARO:3001943,876
ARO:3003175,852
ARO:3002460,861
ARO:3002789,645
ARO:3002969,573
ARO:3002296,801
ARO:3000656,663
ARO:3001572,825
ARO:3001620,825
ARO:3003020,459
ARO:3002024,1146
ARO:3001822,1146
ARO:3001096,861
ARO:3002521,1173
ARO:3003152,861
ARO:3002281,801
ARO:3001909,876
ARO:3002255,897
ARO:3000962,861
ARO:3001672,825
ARO:3002772,681
ARO:3000254,1539
ARO:3000997,861
ARO:3000779,1452
ARO:3000969,861
ARO:3002562,441
ARO:3002351,864
ARO:3003202,945
ARO:3002850,453
ARO:3002716,681
ARO:3000970,861
ARO:3002084,1146
ARO:3001977,876
ARO:3002743,645
ARO:3002305,801
ARO:3001783,786
ARO:3001702,822
ARO:3002956,807
ARO:3001068,858
ARO:3003047,1545
ARO:3002967,582
ARO:3001622,825
ARO:3002441,861
ARO:3001047,858
ARO:3002439,861
ARO:3002213,741
ARO:3001136,861
ARO:3001426,828
ARO:3001903,876
ARO:3001882,876
ARO:3001691,831
ARO:3002814,1050
ARO:3001767,810
ARO:3001765,810
ARO:3002545,558
ARO:3002530,531
ARO:3002170,1146
ARO:3002777,645
ARO:3001070,861
ARO:3002829,1569
ARO:3000973,861
ARO:3002734,645
ARO:3002160,1149
ARO:3001338,900
ARO:3002618,792
ARO:3002357,813
ARO:3002290,801
ARO:3000939,861
ARO:3002424,861
ARO:3001012,861
ARO:3002262,720
ARO:3001981,876
ARO:3002813,1434
ARO:3000768,330
ARO:3002756,681
ARO:3001129,861
ARO:3002995,918
ARO:3003014,474
ARO:3002420,861
ARO:3002013,1146
ARO:3003016,510
ARO:3002286,801
ARO:3001329,1227
ARO:3001571,825
ARO:3001631,843
ARO:3001859,879
ARO:3001378,861
ARO:3001548,831
ARO:3000206,1056
ARO:3001192,858
ARO:3001516,822
ARO:3002506,1194
ARO:3002373,900
ARO:3003557,735
ARO:3001710,825
ARO:3002358,813
ARO:3001801,801
ARO:3003551,1182
ARO:3001088,861
ARO:3001793,831
ARO:3000498,801
ARO:3002136,1140
ARO:3001616,825
ARO:3002761,681
ARO:3002943,972
ARO:3003110,633
ARO:3002298,801
ARO:3000781,3177
ARO:3000892,858
ARO:3001542,831
ARO:3003057,1401
ARO:3001520,822
ARO:3001856,1146
ARO:3002414,873
ARO:3001827,1140
ARO:3002245,867
ARO:3003197,792
ARO:3002400,873
ARO:3002396,873
ARO:3000215,1758
ARO:3001536,822
ARO:3000956,834
ARO:3002333,864
ARO:3001440,825
ARO:3002601,792
ARO:3002893,1539
ARO:3002898,543
ARO:3000476,1233
ARO:3004254,345
ARO:3003576,1644
ARO:3002674,660
ARO:3002541,867
ARO:3002857,552
ARO:3001610,828
ARO:3001668,825
ARO:3001184,861
ARO:3002116,1146
ARO:3002584,402
ARO:3002275,801
ARO:3001028,861
ARO:3003171,1146
ARO:3002054,1146
ARO:3000882,861
ARO:3001896,876
ARO:3001821,1146
ARO:3001926,876
ARO:3002177,1146
ARO:3002259,720
ARO:3001994,876
ARO:3002038,1146
ARO:3002239,741
ARO:3001410,828
ARO:3001420,828
ARO:3002555,441
ARO:3001471,822
ARO:3002509,1194
ARO:3001157,861
ARO:3002065,1152
ARO:3000982,861
ARO:3002793,657
ARO:3002088,1146
ARO:3001095,861
ARO:3001498,822
ARO:3001776,798
ARO:3002651,795
ARO:3002183,1149
ARO:3001982,876
ARO:3001777,825
ARO:3002924,690
ARO:3001025,861
ARO:3001417,825
ARO:3001902,873
ARO:3002079,1146
ARO:3003441,1050
ARO:3003106,906
ARO:3001382,858
ARO:3002798,657
ARO:3001851,1146
ARO:3001176,861
ARO:3001957,876
ARO:3002700,1311
ARO:3002127,1146
ARO:3002661,999
ARO:3000853,912
ARO:3001911,876
ARO:3001390,858
ARO:3003023,237
ARO:3001117,861
ARO:3002675,633
ARO:3001942,876
ARO:3002864,294
ARO:3002500,1194
ARO:3002747,645
ARO:3001959,876
ARO:3002487,918
ARO:3002044,1140
ARO:3002877,921
ARO:3001423,801
ARO:3002919,696
ARO:3001126,861
ARO:3002557,441
ARO:3002340,864
ARO:3000621,846
ARO:3001304,960
ARO:3001052,753
ARO:3001871,876
ARO:3002596,582
ARO:3002202,738
ARO:3001678,831
ARO:3002970,2097
ARO:3000900,861
ARO:3002852,453
ARO:3002573,552
ARO:3002492,1161
ARO:3002736,645
ARO:3003001,966
ARO:3002529,477
ARO:3002848,453
ARO:3002938,1095
ARO:3002051,1146
ARO:3002524,588
ARO:3002710,657
ARO:3000784,3123
ARO:3001149,861
ARO:3001356,861
ARO:3001394,861
ARO:3002928,699
ARO:3000854,843
ARO:3001910,876
ARO:3002319,854
ARO:3002093,1146
ARO:3001805,789
ARO:3002515,1173
ARO:3000878,861
ARO:3002342,864
ARO:3001917,876
ARO:3002683,660
ARO:3002156,1149
ARO:3002721,645
ARO:3001151,861
ARO:3001485,828
ARO:3001101,861
ARO:3002321,882
ARO:3001113,861
ARO:3002035,1146
ARO:3002476,471
ARO:3002517,1173
ARO:3002871,327
ARO:3002124,1146
ARO:3000205,1167
ARO:3000589,813
ARO:3002216,741
ARO:3001537,822
ARO:3002248,867
ARO:3002740,645
ARO:3001764,807
ARO:3002566,441
ARO:3002404,870
ARO:3002948,1053
ARO:3003019,561
ARO:3001104,861
ARO:3002234,741
ARO:3002043,1146
ARO:3001073,861
ARO:3002389,876
ARO:3002225,741
ARO:3001512,822
ARO:3002884,1440
ARO:3000924,861
ARO:3000785,1479
ARO:3001893,876
ARO:3001947,876
ARO:3003035,552
ARO:3002709,657
ARO:3003100,765
ARO:3000195,1959
ARO:3001189,858
ARO:3002434,861
ARO:3001037,861
ARO:3002836,804
ARO:3001209,1998
ARO:3000800,1164
ARO:3000802,1440
ARO:3000896,861
ARO:3002021,1149
ARO:3001488,825
ARO:3000976,861
ARO:3000850,873
ARO:3001398,828
ARO:3003166,876
ARO:3001183,861
ARO:3001929,876
ARO:3000793,3123
ARO:3002788,645
ARO:3000005,1032
ARO:3001078,780
ARO:3000237,1488
ARO:3002768,645
ARO:3000950,861
ARO:3002148,1140
ARO:3001196,861
ARO:3002446,861
ARO:3001200,861
ARO:3003096,966
ARO:3002872,417
ARO:3002642,816
ARO:3000935,861
ARO:3002845,651
ARO:3001961,876
ARO:3002055,1134
ARO:3002031,1143
ARO:3001877,876
ARO:3002728,681
ARO:3002128,1146
ARO:3001029,861
ARO:3002143,1140
ARO:3001968,864
ARO:3002419,861
ARO:3001655,825
ARO:3001421,828
ARO:3002775,681
ARO:3001663,828
ARO:3002072,1146
ARO:3001005,861
ARO:3000746,420
ARO:3004603,1170
ARO:3002269,720
ARO:3000911,843
ARO:3001714,828
ARO:3002207,741
ARO:3002369,927
ARO:3002074,1143
ARO:3001786,798
ARO:3000775,3108
ARO:3001659,825
ARO:3002132,1140
ARO:3000518,633
ARO:3000841,729
ARO:3002842,639
ARO:3002329,882
ARO:3003015,570
ARO:3003056,3123
ARO:3001171,813
ARO:3002000,876
ARO:3001374,861
ARO:3002658,924
ARO:3000250,735
ARO:3002512,885
ARO:3001958,876
ARO:3000931,861
ARO:3002266,720
ARO:3001091,861
ARO:3000605,846
ARO:3002087,1146
ARO:3001110,729
ARO:3002752,645
ARO:3002659,801
ARO:3002103,1146
ARO:3001169,864
ARO:3001990,876
ARO:3001569,825
ARO:3002378,900
ARO:3001629,825
ARO:3002997,783
ARO:3001632,825
ARO:3002669,921
ARO:3000860,756
ARO:3001953,876
ARO:3003176,933
ARO:3002704,1428
ARO:3001997,876
ARO:3001400,804
ARO:3002061,1146
ARO:3002463,789
ARO:3002416,876
ARO:3002626,864
ARO:3001155,861
ARO:3001430,738
ARO:3003153,861
ARO:3000918,861
ARO:3002363,927
ARO:3001019,861
ARO:3002428,861
ARO:3002599,987
ARO:3002295,801
ARO:3002587,555
ARO:3002534,810
ARO:3002325,882
ARO:3001567,825
ARO:3002817,1656
ARO:3002339,864
ARO:3000124,372
ARO:3001687,825
ARO:3002337,864
ARO:3002431,861
ARO:3002199,741
ARO:3001685,825
ARO:3002430,861
ARO:3001680,825
ARO:3002782,645
ARO:3001973,876
ARO:3000987,861
ARO:3002330,864
ARO:3001636,822
ARO:3002988,627
ARO:3002763,645
ARO:3001438,825
ARO:3001938,876
ARO:3000596,855
ARO:3001837,1146
ARO:3000412,816
ARO:3002645,807
ARO:3001148,861
ARO:3000955,861
ARO:3002496,831
ARO:3001613,825
ARO:3001001,861
ARO:3001145,861
ARO:3001543,831
ARO:3002082,1146
ARO:3001811,804
ARO:3001521,825
ARO:3002933,1086
ARO:3002563,474
ARO:3002180,1146
ARO:3002377,900
ARO:3002892,1692
ARO:3000444,2598
ARO:3000567,1221
ARO:3000167,1191
ARO:3000174,1176
ARO:3004253,228
ARO:3003577,1167
ARO:3003563,882
ARO:3002451,861
ARO:3002694,1260
ARO:3002034,1146
ARO:3001564,825
ARO:3002881,1653
ARO:3002714,645
ARO:3001922,876
ARO:3001643,825
ARO:3001695,822
ARO:3000963,861
ARO:3003558,885
ARO:3001703,825
ARO:3001369,861
ARO:3002349,864
ARO:3000347,732
ARO:3000829,1404
ARO:3001867,876
ARO:3000522,735
ARO:3002163,1149
ARO:3000361,1221
ARO:3001121,861
ARO:3002580,612
ARO:3001131,861
ARO:3000806,447
ARO:3002090,1146
ARO:3002301,801
ARO:3001178,861
ARO:3002455,861
ARO:3002592,519
ARO:3002577,555
ARO:3001413,828
ARO:3002923,699
ARO:3002425,861
ARO:3002385,852
ARO:3002256,720
ARO:3001386,861
ARO:3000899,858
ARO:3002315,882
ARO:3002636,921
ARO:3001083,861
ARO:3000832,615
ARO:3001690,828
ARO:3001946,876
ARO:3002646,804
ARO:3002212,738
ARO:3001679,825
ARO:3001916,876
ARO:3000898,861
ARO:3002205,741
ARO:3002593,531
ARO:3001000,861
ARO:3001128,861
ARO:3001059,861
ARO:3002114,1146
ARO:3002962,486
ARO:3002660,837
ARO:3001552,825
ARO:3002940,1095
ARO:3002713,657
ARO:3002964,828
ARO:3002693,1260
ARO:3002699,1266
ARO:3003022,237
ARO:3001630,825
ARO:3001130,861
ARO:3001884,876
ARO:3001303,780
ARO:3002832,1578
ARO:3002688,492
ARO:3002748,645
ARO:3002182,1149
ARO:3002462,861
ARO:3001484,825
ARO:3001060,861
ARO:3002289,801
ARO:3001974,876
ARO:3002297,801
ARO:3002663,993
ARO:3001152,861
ARO:3002405,873
ARO:3001125,861
ARO:3002785,645
ARO:3001999,876
ARO:3001570,825
ARO:3000981,785
ARO:3002576,555
ARO:3002226,741
ARO:3000410,840
ARO:3002153,1140
ARO:3001431,801
ARO:3002452,861
ARO:3002475,823
ARO:3000891,858
ARO:3002228,747
ARO:3003116,843
ARO:3002274,801
ARO:3001799,828
ARO:3001197,858
ARO:3002221,741
ARO:3001870,876
ARO:3001511,822
ARO:3002456,861
ARO:3002438,861
ARO:3002052,1146
ARO:3001689,828
ARO:3002025,1146
ARO:3001035,858
ARO:3002197,741
ARO:3002585,519
ARO:3002254,852
ARO:3001114,861
ARO:3000946,861
ARO:3000601,1161
ARO:3000013,1029
ARO:3001782,798
ARO:3001787,798
ARO:3001883,876
ARO:3002744,681
ARO:3002028,1146
ARO:3000216,3150
ARO:3002540,900
ARO:3000467,813
ARO:3002498,1194
ARO:3000855,870
ARO:3002466,861
ARO:3002554,438
ARO:3001611,843
ARO:3002629,858
ARO:3001838,1146
ARO:3003162,822
ARO:3002847,453
ARO:3000495,864
ARO:3001397,828
ARO:3000842,708
ARO:3003177,879
ARO:3002652,780
ARO:3001474,825
ARO:3002161,1149
ARO:3001046,861
ARO:3002444,861
ARO:3001476,747
ARO:3001925,876
ARO:3001418,822
ARO:3002030,1149
ARO:3002508,1194
ARO:3002531,471
ARO:3000175,1203
ARO:3000566,1188
ARO:3000803,1245
ARO:3000177,1197
ARO:3000181,1260
ARO:3002556,549
ARO:3001626,825
ARO:3001158,861
ARO:3002171,1146
ARO:3000957,861
ARO:3002858,498
ARO:3002099,1146
ARO:3001469,822
ARO:3002860,474
ARO:3001402,801
ARO:3001308,888
ARO:3001983,876
ARO:3001022,861
ARO:3002076,1146
ARO:3001550,831
ARO:3002481,915
ARO:3002802,657
ARO:3001499,801
ARO:3001901,876
ARO:3002313,882
ARO:3001013,861
ARO:3001826,1143
ARO:3000598,969
ARO:3002909,1050
ARO:3001080,780
ARO:3000993,861
ARO:3002749,648
ARO:3003111,1479
ARO:3002615,792
ARO:3002107,1146
ARO:3002174,1146
ARO:3002421,861
ARO:3000421,1401
ARO:3002359,813
ARO:3001547,831
ARO:3002057,1146
ARO:3000556,1923
ARO:3001479,822
ARO:3000923,861
ARO:3002737,648
ARO:3002322,882
ARO:3002094,1146
ARO:3002195,741
ARO:3000791,1512
ARO:3000783,1104
ARO:3001965,876
ARO:3000191,1974
ARO:3001709,828
ARO:3001660,825
ARO:3001515,822
ARO:3001673,825
ARO:3002824,780
ARO:3002841,639
ARO:3001541,822
ARO:3001214,1233
ARO:3002370,900
ARO:3002823,900
ARO:3001411,775
ARO:3001111,861
ARO:3001619,825
ARO:3003107,1230
ARO:3001352,861
ARO:3000251,1467
ARO:3003151,852
ARO:3001890,876
ARO:3002309,801
ARO:3000448,1536
ARO:3002144,1140
ARO:3001357,861
ARO:3002760,645
ARO:3002522,1848
ARO:3002271,801
ARO:3001802,828
ARO:3004606,756
ARO:3000998,861
ARO:3000380,549
ARO:3001340,861
ARO:3001451,828
ARO:3003157,861
ARO:3002929,693
ARO:3002518,1173
ARO:3001670,828
ARO:3003061,864
ARO:3001265,1011
ARO:3001043,858
ARO:3000778,1221
ARO:3002602,780
ARO:3002041,1143
ARO:3001869,876
ARO:3001895,876
ARO:3000616,1218
ARO:3000526,633
ARO:3000196,1920
ARO:3002178,1146
ARO:3003676,555
ARO:3002064,1146
ARO:3001583,843
ARO:3001135,861
ARO:3001007,861
ARO:3002622,834
ARO:3000316,906
ARO:3002411,873
ARO:3000977,861
ARO:3002525,546
ARO:3002085,1146
ARO:3000676,414
ARO:3002159,1149
ARO:3001956,876
ARO:3003165,876
ARO:3003010,3084
ARO:3002352,861
ARO:3001908,876
ARO:3001775,801
ARO:3003007,1170
ARO:3002780,645
ARO:3001813,870
ARO:3001089,861
ARO:3002648,789
ARO:3003048,1233
ARO:3001188,858
ARO:3002769,681
ARO:3003053,1416
ARO:3002167,1146
ARO:3002624,759
ARO:3002755,660
ARO:3002126,1146
ARO:3001766,810
ARO:3002792,656
ARO:3002567,441
ARO:3001928,876
ARO:3002280,801
ARO:3000595,735
ARO:3001487,828
ARO:3002345,864
ARO:3000914,861
ARO:3000967,861
ARO:3002726,648
ARO:3001641,825
ARO:3000846,741
ARO:3002316,882
ARO:3002270,732
ARO:3001092,861
ARO:3001970,876
ARO:3001635,825
ARO:3002440,861
ARO:3001004,861
ARO:3001042,861
ARO:3001969,865
ARO:3001482,822
ARO:3003561,888
ARO:3002895,525
ARO:3002891,1992
ARO:3000168,1185
ARO:3000149,408
ARO:3002684,642
ARO:3002445,789
ARO:3001941,876
ARO:3000300,1497
ARO:3002549,441
ARO:3004608,1227
ARO:3002386,852
ARO:3002495,876
ARO:3002261,720
ARO:3002394,876
ARO:3002971,2109
ARO:3001841,1146
ARO:3002201,741
ARO:3002412,873
ARO:3001642,825
ARO:3000774,1191
ARO:3001713,828
ARO:3000794,3078
ARO:3001866,876
ARO:3000833,3594
ARO:3001186,858
ARO:3000617,2007
ARO:3001120,861
ARO:3002485,909
ARO:3001614,825
ARO:3001470,822
ARO:3002560,552
ARO:3002939,1113
ARO:3002625,756
ARO:3000516,531
ARO:3001914,876
ARO:3002647,795
ARO:3002944,972
ARO:3001173,813
ARO:3002722,645
ARO:3002878,771
ARO:3000828,723
ARO:3000090,930
ARO:3000810,1239
ARO:3001810,828
ARO:3001466,822
ARO:3000807,1113
ARO:3001146,861
ARO:3003148,825
ARO:3002258,732
ARO:3000960,861
ARO:3002799,657
ARO:3001500,801
ARO:3002334,864
ARO:3001016,861
ARO:3003018,498
ARO:3001991,876
ARO:3002294,801
ARO:3001495,801
ARO:3001669,825
ARO:3002222,738
ARO:3002240,867
ARO:3002113,1146
ARO:3002588,555
ARO:3002703,1176
ARO:3000865,1248
ARO:3000753,1347
ARO:3002781,645
ARO:3002581,612
ARO:3001888,876
ARO:3000230,534
ARO:3002037,1146
ARO:3002022,1149
ARO:3002185,1152
ARO:3001921,876
ARO:3002535,861
ARO:3001684,825
ARO:3001053,861
ARO:3000578,750
ARO:3002668,795
ARO:3001861,879
ARO:3001568,825
ARO:3000790,3168
ARO:3002630,768
ARO:3001649,825
ARO:3003036,1710
ARO:3003180,882
ARO:3000838,660
ARO:3000838,660
ARO:3001952,876
ARO:3002619,792
ARO:3000851,951
ARO:3001694,831
ARO:3001406,801
ARO:3002865,486
ARO:3001639,825
ARO:3001686,825
ARO:3001935,873
ARO:3000614,1212
ARO:3001576,825
ARO:3001574,825
ARO:3002194,741
ARO:3000858,774
ARO:3001443,825
ARO:3002075,1146
ARO:3000986,858
ARO:3002017,1146
ARO:3001414,801
ARO:3001792,858
ARO:3001204,846
ARO:3001656,825
ARO:3002730,681
ARO:3002526,633
ARO:3001625,825
ARO:3001652,825
ARO:3002135,1140
ARO:3003610,801
ARO:3002605,789
ARO:3000952,861
ARO:3001817,1131
ARO:3000886,861
ARO:3002399,870
ARO:3000245,345
ARO:3002198,741
ARO:3000491,3114
ARO:3003099,765
ARO:3001115,861
ARO:3001172,813
ARO:3002344,864
ARO:3002029,1152
ARO:3000604,801
ARO:3002696,1260
ARO:3000910,861
ARO:3000502,3105
ARO:3001077,780
ARO:3001134,861
ARO:3001962,876
ARO:3003548,1032
ARO:3002246,867
ARO:3002268,732
ARO:3000499,1158
ARO:3002505,1194
ARO:3002427,861
ARO:3001084,861
ARO:3001772,810
ARO:3003173,1146
ARO:3001393,861
ARO:3002957,417
ARO:3002123,1146
ARO:3002265,720
ARO:3002206,741
ARO:3001876,876
ARO:3001023,861
ARO:3001939,876
ARO:3002873,420
ARO:3002689,660
ARO:3000178,1380
ARO:3002678,633
ARO:3001118,861
ARO:3002513,903
ARO:3002348,864
ARO:3002607,798
ARO:3001072,861
ARO:3002469,861
ARO:3001179,861
ARO:3001313,1680
ARO:3002741,681
ARO:3000780,1251
ARO:3002149,1140
ARO:3001906,876
ARO:3001337,861
ARO:3001058,853
ARO:3002249,897
ARO:3002231,741
ARO:3003564,945
ARO:3002392,873
ARO:3002379,885
ARO:3002544,855
ARO:3001847,1146
ARO:3002190,1152
ARO:3002250,867
ARO:3001105,861
ARO:3000941,785
ARO:3002048,1146
ARO:3001156,861
ARO:3002839,822
ARO:3002186,1149
ARO:3002368,927
ARO:3001857,1146
ARO:3001829,1143
ARO:3001806,831
ARO:3003011,564
ARO:3003104,765
ARO:3002374,900
ARO:3002657,924
ARO:3002060,1146
ARO:3001809,825
ARO:3002472,823
ARO:3002120,1146
ARO:3001834,1146
ARO:3003051,1197
ARO:3002708,657
ARO:3002952,672
ARO:3002974,1101
ARO:3003161,822
ARO:3002381,885
ARO:3002776,645
ARO:3002219,741
ARO:3002354,813
ARO:3002056,1146
ARO:3001427,768
ARO:3002826,1227
ARO:3002844,645
ARO:3001139,861
ARO:3002302,801
ARO:3002229,741
ARO:3001026,861
ARO:3002571,438
ARO:3001108,861
ARO:3001034,861
ARO:3000994,861
ARO:3001437,825
ARO:3000948,861
ARO:3001674,825
ARO:3001344,861
ARO:3002367,927
ARO:3002027,1146
ARO:3003117,822
ARO:3002331,864
ARO:3001153,861
ARO:3002603,792
ARO:3000861,846
ARO:3001836,1146
ARO:3002982,1200
ARO:3002033,1146
ARO:3002875,495
ARO:3003205,732
ARO:3002922,696
ARO:3002650,792
ARO:3000375,747
ARO:3003066,690
ARO:3001645,825
ARO:3000843,741
ARO:3000192,1926
ARO:3000391,1164
ARO:3001182,861
ARO:3002283,801
ARO:3003154,867
ARO:3000816,687
ARO:3002453,861
ARO:3002972,2139
ARO:3002628,831
ARO:3001924,873
ARO:3002731,681
ARO:3001839,1146
ARO:3003070,609
ARO:3000172,417
ARO:3001475,801
ARO:3003039,1404
ARO:3002935,1074
ARO:3001483,801
ARO:3001159,861
ARO:3001627,825
ARO:3001412,801
ARO:3002586,555
ARO:3001170,813
ARO:3002723,645
ARO:3002685,642
ARO:3001823,1146
ARO:3002861,474
ARO:3002803,657
ARO:3002086,1146
ARO:3001894,876
ARO:3001405,801
ARO:3002765,645
ARO:3002365,927
ARO:3002742,645
ARO:3002077,1146
ARO:3002859,483
ARO:3002070,1146
ARO:3001307,900
ARO:3003440,2025
ARO:3001419,828
ARO:3001061,861
ARO:3001439,801
ARO:3001081,780
ARO:3002482,888
ARO:3002575,567
ARO:3001140,861
ARO:3001945,876
ARO:3003101,765
ARO:3001879,876
ARO:3002787,666
ARO:3001798,801
ARO:3002382,885
ARO:3000594,1023
ARO:3002049,1146
ARO:3001054,861
ARO:3002635,900
ARO:3002009,873
ARO:3002907,1059
ARO:3001549,831
ARO:3000582,888
ARO:3003164,876
ARO:3001103,861
ARO:3002897,543
ARO:3000801,3132
ARO:3000569,1182
ARO:3002671,717
ARO:3002965,846
ARO:3003194,753
ARO:3002882,1995
ARO:3001473,825
ARO:3002833,1575
ARO:3001955,876
ARO:3001193,858
ARO:3001056,861
ARO:3002204,741
ARO:3001932,876
ARO:3001915,876
ARO:3002687,660
ARO:3002091,1146
ARO:3002926,708
ARO:3002770,681
ARO:3002189,1152
ARO:3002122,1146
ARO:3001138,831
ARO:3002179,1146
ARO:3001664,825
ARO:3002816,1053
ARO:3002985,1989
ARO:3001124,861
ARO:3001828,1146
ARO:3001003,861
ARO:3000808,3090
ARO:3000808,3090
ARO:3001865,876
ARO:3002152,1140
ARO:3002026,1146
ARO:3002553,435
ARO:3002211,741
ARO:3002559,522
ARO:3001147,861
ARO:3000980,764
ARO:3001940,876
ARO:3002594,555
ARO:3002437,861
ARO:3001503,825
ARO:3001561,825
ARO:3002247,897
ARO:3002450,861
ARO:3001815,1161
ARO:3000782,1455
ARO:3000823,375
ARO:3002950,609
ARO:3000947,861
ARO:3002081,1146
ARO:3002963,621
ARO:3001388,861
ARO:3002712,657
ARO:3002564,441
ARO:3001868,876
ARO:3002347,864
ARO:3003559,903
ARO:3002547,600
ARO:3001671,825
ARO:3000533,1179
ARO:3002656,1263
ARO:3002621,780
ARO:3002779,645
ARO:3002465,861
ARO:3001098,861
ARO:3001428,771
ARO:3003093,765
ARO:3001950,876
ARO:3002930,702
ARO:3001688,825
ARO:3002042,1146
ARO:3000186,1920
ARO:3001006,861
ARO:3001540,822
ARO:3002138,1140
ARO:3000999,861
ARO:3002519,1173
ARO:3002954,609
ARO:3001848,1146
ARO:3000602,741
ARO:3002166,1146
ARO:3003207,399
ARO:3002068,1146
ARO:3001160,861
ARO:3001803,801
ARO:3002718,648
ARO:3000197,1923
ARO:3000978,861
ARO:3002993,1143
ARO:3002232,738
ARO:3002961,702
ARO:3001306,936
ARO:3001785,822
ARO:3001584,822
ARO:3001693,831
ARO:3003009,1218
ARO:3000343,1230
ARO:3001375,861
ARO:3002235,738
ARO:3002947,981
ARO:3000964,861
ARO:3002158,1149
ARO:3001127,858
ARO:3001769,810
ARO:3001927,876
ARO:3001676,831
ARO:3000318,477
ARO:3001190,858
ARO:3001606,828
ARO:3002260,729
ARO:3002840,660
ARO:3002353,864
ARO:3002623,771
ARO:3001907,870
ARO:3001075,876
ARO:3000922,861
ARO:3001546,822
ARO:3001086,861
ARO:3001526,825
ARO:3002702,1176
ARO:3002215,741
ARO:3002115,1146
ARO:3003112,1479
ARO:3002209,741
ARO:3001682,825
ARO:3000599,732
ARO:3001327,1425
ARO:3001187,858
ARO:3002913,1041
ARO:3001885,876
ARO:3002106,1146
ARO:3000027,1173
ARO:3001514,822
ARO:3002908,1032
ARO:3002750,645
ARO:3001538,822
ARO:3002616,846
ARO:3000590,813
ARO:3001647,843
ARO:3001795,801
ARO:3002284,801
ARO:3002433,861
ARO:3002002,876
ARO:3001975,876
ARO:3000989,861
ARO:3000890,861
ARO:3002611,846
ARO:3001966,870
ARO:3002796,657
ARO:3001198,858
ARO:3001661,825
ARO:3002422,861
ARO:3001875,876
ARO:3001779,825
ARO:3000848,756
ARO:3000573,1560
ARO:3002523,537
ARO:3000884,861
ARO:3002306,801
ARO:3001522,825
ARO:3000917,861
ARO:3003033,3141
ARO:3003178,801
ARO:3001825,1146
ARO:3002759,645
ARO:3002945,969
ARO:3001030,861
ARO:3002151,1140
ARO:3002145,1140
ARO:3003059,594
ARO:3002371,900
ARO:3002130,1146
ARO:3002825,735
ARO:3001351,864
ARO:3001014,861
ARO:3001167,861
ARO:3002582,570
ARO:3001468,822
ARO:3002800,657
ARO:3001638,825
ARO:3000995,861
ARO:3001409,801
ARO:3001618,825
ARO:3002719,681
ARO:3002285,801
ARO:3002241,867
ARO:3000847,726
ARO:3002184,1149
ARO:3002597,1440
ARO:3001992,876
ARO:3000880,861
ARO:3000118,1659
ARO:3003181,864
ARO:3000875,861
ARO:3002986,822
ARO:3002561,441
ARO:3002391,876
ARO:3000866,1275
ARO:3001889,876
ARO:3003063,339
ARO:3001064,861
ARO:3002335,864
ARO:3002100,1143
ARO:3002639,804
ARO:3002589,549
ARO:3002791,657
ARO:3001560,825
ARO:3000961,861
ARO:3001666,825
ARO:3001920,876
ARO:3001824,1146
ARO:3002614,786
ARO:3002069,1188
ARO:3001621,825
ARO:3001860,879
ARO:3002667,744
ARO:3001648,825
ARO:3001683,825
ARO:3001951,876
ARO:3000074,1539
ARO:3001936,873
ARO:3000449,993
ARO:3002323,882
ARO:3002666,780
ARO:3001415,801
ARO:3000859,756
ARO:3001933,876
ARO:3002735,681
ARO:3002279,801
ARO:3001573,825
ARO:3003193,657
ARO:3001465,822
ARO:3002478,840
ARO:3001640,825
ARO:3002273,801
ARO:3002080,1146
ARO:3001819,1161
ARO:3002317,882
ARO:3001976,876
ARO:3000949,861
ARO:3002401,873
ARO:3001615,825
ARO:3001575,825
ARO:3002968,582
ARO:3002879,822
ARO:3001481,822
ARO:3002176,1146
ARO:3002457,789
ARO:3002023,1143
ARO:3002494,1137
ARO:3002536,816
ARO:3000559,654
ARO:3001705,828
ARO:3001634,825
ARO:3002141,1140
ARO:3001971,876
ARO:3002471,861
ARO:3000936,861
ARO:3002175,1146
ARO:3002355,813
ARO:3000953,861
ARO:3002590,552
ARO:3001609,828
ARO:3001174,813
ARO:3003003,966
ARO:3002362,813
ARO:3001565,825
ARO:3002958,882
ARO:3001835,1146
ARO:3001913,876
ARO:3001807,801
ARO:3000795,1158
ARO:3001852,1146
ARO:3001842,1146
ARO:3001880,876
ARO:3002931,1155
ARO:3002423,861
ARO:3003199,462
ARO:3001995,876
ARO:3002572,435
ARO:3002484,1830
ARO:3002869,492
ARO:3002387,852
ARO:3002058,1146
ARO:3001385,861
ARO:3002631,774
ARO:3001085,861
ARO:3002936,1098
ARO:3000363,1260
ARO:3000263,384
ARO:3002638,819
ARO:3002911,1032
ARO:3002045,1146
ARO:3001087,861
ARO:3001796,789
ARO:3001844,1146
ARO:3001891,876
ARO:3001017,861
ARO:3002223,741
ARO:3001199,861
ARO:3002838,495
ARO:3001905,876
ARO:3001768,801
ARO:3000811,3204
ARO:3002568,441
ARO:3002745,681
ARO:3000378,3141
ARO:3000561,1185
ARO:3000565,1353
ARO:3000165,1275
ARO:3000183,1155
ARO:3001336,861
ARO:3002006,876
ARO:3001107,861
ARO:3001873,876
ARO:3003168,876
ARO:3001033,861
ARO:3003102,765
ARO:3002846,432
ARO:3000942,861
ARO:3001396,831
ARO:3001194,858
ARO:3001020,861
ARO:3001424,801
ARO:3001858,879
ARO:3002288,789
ARO:3002303,801
ARO:3001830,1146
ARO:3003052,3150
ARO:3000968,861
ARO:3001781,831
ARO:3001050,861
ARO:3002236,738
ARO:3002461,789
ARO:3001441,786
ARO:3003156,861
ARO:3001102,861
ARO:3003021,237
ARO:3001454,825
ARO:3000974,861
ARO:3003006,1203
ARO:3002558,438
ARO:3001665,825
ARO:3003210,417
ARO:3001791,786
ARO:3000010,1032
ARO:3002200,738
ARO:3002975,2103
ARO:3001345,861
ARO:3001066,861
ARO:3001504,825
ARO:3002707,657
ARO:3002018,1146
ARO:3002095,1146
ARO:3002894,1056
ARO:3002854,474
ARO:3002786,645
ARO:3002570,462
ARO:3002953,609
ARO:3002827,1647
ARO:3001944,876
ARO:3001392,861
ARO:3000894,861
ARO:3001675,825
ARO:3001049,861
ARO:3001949,876
ARO:3002218,741
ARO:3001523,822
ARO:3001185,861
ARO:3002606,846
ARO:3001988,876
ARO:3002773,645
ARO:3001361,861
ARO:3000603,417
ARO:3002134,1140
ARO:3001774,798
ARO:3001899,876
ARO:3002089,1146
ARO:3001712,822
ARO:3000190,1920
ARO:3001203,858
ARO:3001963,876
ARO:3001653,825
ARO:3001816,1173
ARO:3000926,861
ARO:3001624,825
ARO:3002097,1146
ARO:3002758,645
ARO:3000985,858
ARO:3002543,846
ARO:3001657,825
ARO:3001923,876
ARO:3000971,861
ARO:3001878,876
ARO:3001202,858
ARO:3000193,1956
ARO:3002327,882
ARO:3003174,852
ARO:3000929,861
ARO:3003147,825
ARO:3002264,720
ARO:3002608,792
ARO:3002746,681
ARO:3002398,870
ARO:3001510,822
ARO:3001771,810
ARO:3002784,645
ARO:3001519,822
ARO:3003013,474
ARO:3002640,765
ARO:3002862,474
ARO:3002819,1479
ARO:3002510,909
ARO:3003549,2052
ARO:3001362,861
ARO:3002812,1125
ARO:3002418,861
ARO:3002874,399
ARO:3002277,798
ARO:3000319,900
ARO:3000217,1767
ARO:3001376,861
ARO:3002016,1146
ARO:3002579,678
ARO:3003665,888
ARO:3000862,825
ARO:3000024,1695
ARO:3002613,798
ARO:3001062,861
ARO:3003150,852
ARO:3000025,1767
ARO:3002644,795
ARO:3000876,861
ARO:3002578,786
ARO:3002489,1128
ARO:3002486,909
ARO:3002831,1569
ARO:3003037,1536
ARO:3002047,1146
ARO:3001853,1146
ARO:3003589,879
ARO:3004611,1305
ARO:3003183,813
ARO:3000856,885
ARO:3001742,837
ARO:3000463,1254
ARO:3000822,1200
ARO:3000478,1224
ARO:3000481,1110
ARO:3003578,969
ARO:3002672,663
ARO:3004601,501
ARO:3003324,2571
ARO:3002598,1392
ARO:3002501,1194
ARO:3003679,1152
ARO:3003680,1071
ARO:3003681,3048
ARO:3003682,1449
ARO:3003698,1158
ARO:3003699,3162
ARO:3003687,780
ARO:3003689,1626
ARO:3003692,1104
ARO:3003693,3078
ARO:3003030,1131
ARO:3003031,3057
ARO:3003700,1476
ARO:3003704,1158
ARO:3003705,3111
ARO:3003710,639
ARO:3003712,900
ARO:3003677,555
ARO:3003713,855
ARO:3003670,861
ARO:3003714,858
ARO:3003715,714
ARO:3003716,873
ARO:3003717,873
ARO:3003718,1026
ARO:3003719,819
ARO:3003720,858
ARO:3004612,1158
ARO:3001743,843
ARO:3002934,702
ARO:3002914,993
ARO:3003724,1122
ARO:3003731,642
ARO:3003742,885
ARO:3003723,1047
ARO:3003727,1128
ARO:3003727,1128
ARO:3003728,699
ARO:3003725,609
ARO:3001534,825
ARO:3003595,786
ARO:3003634,810
ARO:3003744,666
ARO:3003762,522
ARO:3003745,1224
ARO:3003748,978
ARO:3003749,1626
ARO:3004613,1248
ARO:3001301,849
ARO:3003655,1146
ARO:3003730,3324
ARO:3003770,2598
ARO:3003772,2643
ARO:3003773,1710
ARO:3003774,2544
ARO:3003767,900
ARO:3003733,639
ARO:3003746,1968
ARO:3000510,3102
ARO:3000521,3075
ARO:3003855,1167
ARO:3004617,1152
ARO:3004618,1152
ARO:3003318,2112
ARO:3004615,1152
ARO:3003793,831
ARO:3001831,1146
ARO:3004619,1152
ARO:3003836,333
ARO:3003838,729
ARO:3003796,1152
ARO:3003835,1326
ARO:3001551,828
ARO:3003596,822
ARO:3003635,810
ARO:3004784,894
ARO:3004844,861
ARO:3003204,930
ARO:3004620,1152
ARO:3003842,741
ARO:3002191,1152
ARO:3003200,573
ARO:3003841,678
ARO:3002474,861
ARO:3003848,1152
ARO:3004622,657
ARO:3004621,861
ARO:3004623,861
ARO:3004624,657
ARO:3004626,915
ARO:3004629,537
ARO:3004633,1152
ARO:3004634,1152
ARO:3004635,459
ARO:3004636,645
ARO:3004637,645
ARO:3004639,1542
ARO:3004640,474
ARO:3004641,564
ARO:3004643,855
ARO:3004644,474
ARO:3004645,576
ARO:3004647,1143
ARO:3004649,1050
ARO:3004650,318
ARO:3003894,909
ARO:3003847,1152
ARO:3003849,1152
ARO:3003850,1152
ARO:3003852,1152
ARO:3003853,1152
ARO:3003853,1152
ARO:3003854,1194
ARO:3003851,1152
ARO:3003856,1152
ARO:3004625,657
ARO:3003905,762
ARO:3004632,1152
ARO:3003908,741
ARO:3004638,504
ARO:3004642,480
ARO:3004648,1149
ARO:3002539,777
ARO:3001555,801
ARO:3003158,861
ARO:3003922,1176
ARO:3003923,3153
ARO:3001746,837
ARO:3003918,825
ARO:3003942,4359
ARO:3001558,774
ARO:3003907,1041
ARO:3003597,825
ARO:3003636,810
ARO:3004786,789
ARO:3004788,888
ARO:3004795,867
ARO:3004627,657
ARO:3004652,783
ARO:3003948,1728
ARO:3003949,1086
ARO:3003950,1749
ARO:3003953,1395
ARO:3003954,1287
ARO:3003955,1593
ARO:3003961,1155
ARO:3003962,1527
ARO:3003964,1332
ARO:3003967,1515
ARO:3003969,1221
ARO:3004656,642
ARO:3004657,654
ARO:3003971,756
ARO:3003971,732
ARO:3004658,648
ARO:3004659,1206
ARO:3004660,633
ARO:3004651,1572
ARO:3004661,420
ARO:3004662,1623
ARO:3004663,645
ARO:3004667,1167
ARO:3003952,1644
ARO:3004670,420
ARO:3004671,420
ARO:3004628,783
ARO:3001751,855
ARO:3004665,1260
ARO:3004669,1026
ARO:3004672,420
ARO:3004675,795
ARO:3001747,837
ARO:3001559,825
ARO:3003598,825
ARO:3003637,825
ARO:3004789,888
ARO:3004797,885
ARO:3004845,861
ARO:3004666,1248
ARO:3004673,420
ARO:3004677,744
ARO:3003980,1032
ARO:3004680,804
ARO:3003982,864
ARO:3003983,654
ARO:3003984,2259
ARO:3003986,1947
ARO:3003987,633
ARO:3003988,723
ARO:3003989,594
ARO:3003990,891
ARO:3003991,927
ARO:3003992,2655
ARO:3003994,486
ARO:3004683,864
ARO:3004684,1620
ARO:3004685,1626
ARO:3004688,1629
ARO:3004682,789
ARO:3004693,1626
ARO:3004699,570
ARO:3004692,834
ARO:3004704,792
ARO:3004715,1575
ARO:3004719,1167
ARO:3001748,837
ARO:3001578,831
ARO:3003981,816
ARO:3004674,420
ARO:3004678,822
ARO:3004686,1626
ARO:3004689,1626
ARO:3004694,1626
ARO:3004720,1158
ARO:3001749,837
ARO:3004730,1518
ARO:3001586,825
ARO:3003599,828
ARO:3003639,822
ARO:3004790,888
ARO:3004798,885
ARO:3004846,861
ARO:3003870,1152
ARO:3003871,1152
ARO:3004679,822
ARO:3004687,1626
ARO:3004690,1626
ARO:3004695,1626
ARO:3001588,825
ARO:3001717,825
ARO:3001750,837
ARO:3001587,825
ARO:3003600,816
ARO:3003640,822
ARO:3004791,888
ARO:3004799,885
ARO:3004801,864
ARO:3004802,873
ARO:3004847,861
ARO:3004073,1281
ARO:3004691,1626
ARO:3004696,1626
ARO:3001452,706
ARO:3001718,825
ARO:3001752,858
ARO:3001589,825
ARO:3000462,1257
ARO:3004697,1626
ARO:3001707,822
ARO:3001719,825
ARO:3001753,858
ARO:3004054,678
ARO:3001595,825
ARO:3003602,750
ARO:3003641,798
ARO:3004792,888
ARO:3004803,879
ARO:3004848,861
ARO:3004036,1740
ARO:3004032,1725
ARO:3004033,1737
ARO:3004035,1740
ARO:3002705,1215
ARO:3004072,1497
ARO:3004698,1641
ARO:3000849,705
ARO:3000620,1014
ARO:3002312,882
ARO:3004038,333
ARO:3004039,333
ARO:3001444,825
ARO:3004041,1197
ARO:3004042,1194
ARO:3004043,1194
ARO:3001720,828
ARO:3001754,834
ARO:3001596,786
ARO:3003603,774
ARO:3003642,789
ARO:3004793,888
ARO:3004804,873
ARO:3004849,861
ARO:3003801,1209
ARO:3001445,825
ARO:3003072,912
ARO:3004056,162
ARO:3001721,828
ARO:3001755,831
ARO:3001597,825
ARO:3004063,438
ARO:3003604,747
ARO:3003643,789
ARO:3004805,879
ARO:3001205,366
ARO:3000179,1377
ARO:3003583,1434
ARO:3003785,1335
ARO:3000804,3189
ARO:3000379,1458
ARO:3003862,1152
ARO:3003863,1152
ARO:3003864,1152
ARO:3003865,1152
ARO:3003866,1152
ARO:3003867,1152
ARO:3004074,3132
ARO:3001446,825
ARO:3001722,828
ARO:3004075,3111
ARO:3001756,831
ARO:3001598,825
ARO:3003605,750
ARO:3003609,774
ARO:3003645,789
ARO:3004734,849
ARO:3004749,924
ARO:3004761,942
ARO:3004806,879
ARO:3004092,726
ARO:3004745,1146
ARO:3004077,1434
ARO:3004086,780
ARO:3004087,801
ARO:3004085,804
ARO:3004089,972
ARO:3004090,792
ARO:3004091,780
ARO:3004093,813
ARO:3003868,1152
ARO:3001447,825
ARO:3004099,1068
ARO:3004100,3045
ARO:3001723,822
ARO:3004102,648
ARO:3004103,1536
ARO:3001757,843
ARO:3004105,738
ARO:3004106,738
ARO:3004107,471
ARO:3001599,825
ARO:3004110,1617
ARO:3004111,420
ARO:3004113,423
ARO:3003606,774
ARO:3003611,828
ARO:3004123,1122
ARO:3004735,849
ARO:3004747,807
ARO:3004751,879
ARO:3004762,945
ARO:3004139,1626
ARO:3004142,1392
ARO:3004143,1176
ARO:3004144,3138
ARO:3004146,1035
ARO:3001448,825
ARO:3004185,2037
ARO:3000501,3489
ARO:3001328,1233
ARO:3002691,1173
ARO:3002527,549
ARO:3004189,771
ARO:3004191,894
ARO:3004194,1626
ARO:3004213,873
ARO:3004239,783
ARO:3004289,1173
ARO:3004290,1134
ARO:3004290,1134
ARO:3004291,1143
ARO:3004292,1173
ARO:3004294,1194
ARO:3003857,1152
ARO:3003858,1152
ARO:3003859,1152
ARO:3003861,1152
ARO:3003860,1152
ARO:3003872,1152
ARO:3003873,1152
ARO:3003874,1152
ARO:3003876,1152
ARO:3003878,1152
ARO:3003879,1152
ARO:3003880,1152
ARO:3003881,1152
ARO:3003882,1152
ARO:3003883,1152
ARO:3003884,1152
ARO:3003885,1152
ARO:3003887,1167
ARO:3003888,1152
ARO:3004325,1626
ARO:3004332,1644
ARO:3004336,1116
ARO:3004337,1116
ARO:3004338,1116
ARO:3004339,1116
ARO:3004340,1116
ARO:3004341,1116
ARO:3004342,1116
ARO:3004343,1116
ARO:3004344,1116
ARO:3004345,1116
ARO:3004346,1116
ARO:3004347,1116
ARO:3004348,1116
ARO:3004349,1116
ARO:3004350,1116
ARO:3004351,1110
ARO:3004352,1107
ARO:3004353,1107
ARO:3004354,1104
ARO:3004355,1110
ARO:3004356,1116
ARO:3004357,660
ARO:3004359,855
ARO:3004361,864
ARO:3003128,798
ARO:3004362,798
ARO:3004364,822
ARO:3001449,825
ARO:3001724,822
ARO:3004379,1536
ARO:3004441,1203
ARO:3004442,1920
ARO:3004444,858
ARO:3004445,852
ARO:3001725,822
ARO:3004448,873
ARO:3004450,1149
ARO:3000579,750
ARO:3004451,630
ARO:3004452,687
ARO:3004454,624
ARO:3004455,651
ARO:3004456,648
ARO:3004457,648
ARO:3004458,648
ARO:3004460,651
ARO:3002679,639
ARO:3004463,708
ARO:3004464,1146
ARO:3004466,1737
ARO:3004468,198
ARO:3004470,1629
ARO:3001758,843
ARO:3001600,828
ARO:3003607,774
ARO:3003613,828
ARO:3004736,849
ARO:3004753,885
ARO:3004764,927
ARO:3004807,879
ARO:3001456,858
ARO:3001726,822
ARO:3001759,822
ARO:3001602,825
ARO:3003608,774
ARO:3003614,828
ARO:3004737,849
ARO:3004755,1146
ARO:3004766,879
ARO:3004808,873
ARO:3001457,858
ARO:3001727,822
ARO:3001760,822
ARO:3001603,825
ARO:3003615,828
ARO:3004738,849
ARO:3004757,942
ARO:3004809,756
ARO:3004817,873
ARO:3004819,873
ARO:3004825,858
ARO:3001458,870
ARO:3001728,822
ARO:3001761,837
ARO:3001604,825
ARO:3003616,762
ARO:3004739,849
ARO:3004759,789
ARO:3004768,879
ARO:3004810,756
ARO:3004818,873
ARO:3004820,873
ARO:3004826,858
ARO:3001459,879
ARO:3001729,822
ARO:3001605,825
ARO:3003617,762
ARO:3004740,933
ARO:3004769,879
ARO:3004811,756
ARO:3004821,873
ARO:3001460,879
ARO:3001731,846
ARO:3001763,840
ARO:3001607,798
ARO:3003620,762
ARO:3004770,879
ARO:3004812,756
ARO:3004822,873
ARO:3001461,852
ARO:3001732,831
ARO:3001524,825
ARO:3001608,822
ARO:3003621,747
ARO:3004771,879
ARO:3004813,756
ARO:3003142,879
ARO:3002473,861
ARO:3004476,1644
ARO:3004479,696
ARO:3004478,822
ARO:3001462,858
ARO:3001730,846
ARO:3001741,843
ARO:3001733,831
ARO:3001525,825
ARO:3004489,801
ARO:3003115,795
ARO:3003622,747
ARO:3001463,852
ARO:3001734,840
ARO:3001527,825
ARO:3003120,825
ARO:3003626,810
ARO:3004773,903
ARO:3004814,756
ARO:3003657,741
ARO:3002479,861
ARO:3003920,711
ARO:3004480,3561
ARO:3001063,861
ARO:3004837,795
ARO:3001477,747
ARO:3001735,828
ARO:3001528,825
ARO:3003121,825
ARO:3003627,810
ARO:3004775,888
ARO:3003652,1146
ARO:3004815,873
ARO:3004823,741
ARO:3004827,861
ARO:3004122,1125
ARO:3004838,861
ARO:3004493,1152
ARO:3004494,741
ARO:3004495,741
ARO:3001496,825
ARO:3001736,825
ARO:3001529,825
ARO:3003124,825
ARO:3003628,807
ARO:3004777,1146
ARO:3003653,1146
ARO:3004496,882
ARO:3004816,873
ARO:3004828,861
ARO:3004839,861
ARO:3001501,798
ARO:3001737,831
ARO:3001530,825
ARO:3004498,237
ARO:3003125,825
ARO:3003629,810
ARO:3004778,1146
ARO:3004829,861
ARO:3004840,861
ARO:3001715,825
ARO:3001738,831
ARO:3001531,825
ARO:3003126,825
ARO:3003631,810
ARO:3004780,975
ARO:3004841,861
ARO:3004500,1626
ARO:3004501,1617
ARO:3004502,1617
ARO:3004503,1623
ARO:3004504,1626
ARO:3004505,1626
ARO:3004506,1626
ARO:3004507,1626
ARO:3004508,1626
ARO:3004509,1623
ARO:3004510,1626
ARO:3004511,1626
ARO:3004513,1626
ARO:3004514,1626
ARO:3004515,1626
ARO:3004516,1698
ARO:3004517,1620
ARO:3001716,825
ARO:3001739,831
ARO:3001532,825
ARO:3003593,828
ARO:3003632,810
ARO:3002140,1140
ARO:3004842,861
ARO:3003741,885
ARO:3004539,897
ARO:3004541,921
ARO:3004542,891
ARO:3004543,954
ARO:3004544,927
ARO:3002361,813
ARO:3004547,474
ARO:3004548,534
ARO:3004549,237
ARO:3004550,474
ARO:3004551,474
ARO:3004552,474
ARO:3004554,459
ARO:3004555,474
ARO:3004556,249
ARO:3004559,726
ARO:3004568,555
ARO:3004569,1677
ARO:3004571,1161
ARO:3004572,1443
ARO:3004573,1290
ARO:3004574,1305
ARO:3004577,1479
ARO:3004580,363
ARO:3004581,1200
ARO:3004582,1164
ARO:3004583,330
ARO:3004584,1167
ARO:3004586,1164
ARO:3004587,1173
ARO:3004589,1164
ARO:3004094,732
ARO:3004590,1167
ARO:3004591,1158
ARO:3004592,843
ARO:3004595,738
ARO:3004596,813
ARO:3004588,1173
ARO:3004597,1539
ARO:3004599,1050
ARO:3001740,831
ARO:3001533,825
ARO:3003594,792
ARO:3003633,810
ARO:3004782,882
ARO:3004843,861
